{"cameraMode":{"drawMode":0,"name":"Shaded","section":"Shading Mode"},"sceneLighting":true,"audioPlay":false,"sceneViewState":{"showFog":true,"showMaterialUpdate":false,"showSkybox":true,"showFlares":true,"showImageEffects":true,"showParticleSystems":true},"in2DMode":false,"pivot":{"x":3.25466251373291,"y":0.012906074523925782,"z":1.2826528549194337},"rotation":{"x":0.05852147191762924,"y":0.939202606678009,"z":-0.20313121378421784,"w":0.2705804407596588},"size":10.0,"orthographic":false}